question (ai generated),answer,clarity,question_pertinence,examples_pertinence,comments,examples (ai generated),concept (ai generated),pertinence (ai generated),explanation (ai generated)
How does the SHS interact with the bed and other external physical elements?,"The Smart Home System (SHS) interacts with the bed and other external physical elements indirectly through a network of sensors and contextual data sources. These may include pressure sensors, motion detectors, temperature sensors, and presence sensors embedded in the environment. The SHS analyzes the collected data to infer the user’s activity and condition, without directly controlling the physical furniture components.",4,4,4,"""no comment""","Through sensors that detect motion, temperature, etc.",SystemInteraction,5,This question is crucial for understanding the functional requirements of the SHS.
What contextual information does the SHS use to adapt to the user’s needs?,"The Smart Home System (SHS) interacts with the bed and other external physical elements indirectly through a network of sensors and contextual data sources. These may include pressure sensors, motion detectors, temperature sensors, and presence sensors embedded in the environment. The SHS analyzes the collected data to infer the user’s activity and condition, without directly controlling the physical furniture components.",5,5,5,"""no comment""","User's sleep patterns, health data, etc.",SystemInteraction,4,This question helps define functional requirements related to adaptability.
What specific features should the SHS provide to support the user's needs?,"The Smart Home System (SHS) interacts with the bed and other external physical elements indirectly through a network of sensors and contextual data sources. These may include pressure sensors, motion detectors, temperature sensors, and presence sensors embedded in the environment. The SHS analyzes the collected data to infer the user’s activity and condition, without directly controlling the physical furniture components.",5,5,4,"""no comment""","Automatic lighting, temperature control, etc.",SystemFunctionality,5,This question is essential for understanding the core functional requirements of the SHS.
What are the response time requirements for the SHS to react to changes in the user's environment?,"The SHS should react to safety-critical changes in the user’s environment within a few seconds (typically 1 to 5 seconds). Comfort-related adjustments, such as lighting or temperature changes, should be performed within a short delay, generally within 1 to 5 minutes, to ensure a seamless and comfortable user experience.",5,5,3,"""no comment""",The SHS should adjust the room temperature within 5 minutes of the user getting into bed.,SystemPerformance,4,This question helps define non-functional performance requirements.
What are the reliability requirements for the SHS? How often should it fail without affecting the user's safety or comfort?,"The SHS should meet high reliability requirements, with a mean time between failures (MTBF) of at least 1000 hours. Safety-related functions should include redundancy and fail-safe mechanisms to ensure continuous operation. Any system failure should not compromise user safety or significantly reduce comfort.",5,5,3,"""no comment""",The SHS should have a mean time between failures of at least 1000 hours.,SystemReliability,5,This question is vital for understanding the non-functional reliability requirements of the SHS.
What security measures should the SHS implement to protect user data and prevent unauthorized access?,"The SHS should implement strong security measures, including encryption of data at rest and in transit, secure authentication mechanisms, role-based access control, and regular software updates. Access to sensitive personal and medical data should be limited to authorized users and compliant with data protection and privacy regulations.",5,5,5,"""no comment""","Encryption, access controls, etc.",SystemSecurity,4,This question helps define non-functional security requirements.
How user-friendly should the SHS be? What are the usability requirements?,"The SHS should be highly user-friendly, with an intuitive and accessible interface suitable for users of all ages and abilities. It should support multiple interaction modes, such as mobile applications, voice commands, and automated operation. The system should require minimal user intervention, provide clear feedback, and allow easy customization of preferences.",3,3,3,"""no comment""",The SHS should have a user-friendly interface that can be easily navigated by users of all ages.,SystemUsability,3,"While important, usability requirements may be less critical than other functional and non-functional requirements."
What specific encryption algorithms should be used for data at rest and in transit?,"Data at rest should be encrypted using strong symmetric encryption algorithms such as AES-256 to ensure confidentiality of stored medical and personal information. Data in transit should be protected using secure communication protocols such as TLS 1.2 or higher, ensuring encryption, integrity, and authentication of exchanged data between system components.",5,5,5,"""no comment""","AES-256 for data at rest, TLS/SSL for data in transit",DataEncryption,5,High pertinence as encryption is a core security measure and specific algorithms ensure data integrity and confidentiality.
What authentication mechanisms should be implemented to verify user identity?,"The system should implement multi-factor authentication (MFA) combining something the user knows (password or PIN), something the user has (security token or mobile device), and, when applicable, something the user is (biometric authentication such as fingerprint or facial recognition). Strong password policies and secure session management should also be enforced.",5,5,5,"""no comment""","Multi-factor authentication, biometric authentication",AuthenticationMechanism,4,High pertinence as strong authentication prevents unauthorized access.
How should role-based access control be implemented to limit data access?,"Role-based access control (RBAC) should be implemented by defining clear user roles (e.g., patient, healthcare professional, system administrator) and assigning permissions according to the principle of least privilege. Access to sensitive data should be logged and monitored, with audit trails maintained to detect unauthorized or abnormal access attempts.",5,5,5,"""no comment""","Define roles and permissions, implement access logs",AccessControl,4,High pertinence as access control ensures only authorized users can access sensitive data.
"Which specific data protection and privacy regulations should the SHS comply with (e.g., HIPAA, GDPR)?","The SHS should comply with applicable data protection and privacy regulations such as the General Data Protection Regulation (GDPR) for users in the European Union and HIPAA for healthcare data protection in the United States. Compliance should include data minimization, user consent management, data access rights, and secure data handling procedures.",5,5,5,"""no comment""","HIPAA, GDPR",DataProtectionRegulations,3,Medium pertinence as compliance ensures legal protection and user trust.
How frequently should software updates be implemented to maintain system security?,"Security updates should be applied regularly, with critical security patches deployed as soon as they become available. Routine software updates should be scheduled at least monthly, while system audits and vulnerability assessments should be conducted periodically to ensure ongoing security compliance.",5,5,5,"""no comment""","Monthly, quarterly",SoftwareUpdates,3,Medium pertinence as regular updates patch vulnerabilities and improve security.
What specific failure modes should the SHS be designed to withstand without affecting user safety or comfort?,"The SHS should be designed to withstand common failure modes such as temporary power loss, individual sensor malfunctions, communication failures between system components, and software process crashes. In these situations, the system should continue to operate in a degraded but safe mode, ensuring that critical safety functions remain available and that user comfort is minimally impacted.",5,5,5,"""no comment""","Power loss, sensor malfunction, communication failure",ReliabilityRequirements,5,Understanding failure modes helps in designing appropriate redundancy and fail-safe mechanisms.
What redundancy mechanisms should be implemented in the SHS to ensure continuous operation of safety-related functions?,"The SHS should implement redundancy mechanisms such as N+1 redundancy for critical sensors, backup power supplies (e.g., battery or UPS), watchdog timers to detect system hangs, and self-diagnostic features to identify faults. Failover mechanisms should automatically switch to backup components to ensure uninterrupted operation of safety-related functions.",5,5,5,"""no comment""","N+1 redundancy, watchdog timers, self-diagnostic features",RedundancyMechanisms,4,Redundancy mechanisms are crucial for high reliability and should be tailored to specific failure modes.
What are the acceptable comfort levels in case of a system failure that does not compromise user safety?,"In the event of a non-critical system failure, the acceptable comfort level should be limited to minor inconvenience or temporary discomfort, such as manual adjustment of lighting or temperature. The failure should not significantly disrupt the user’s daily activities, sleep quality, or overall well-being, and normal comfort should be restored as soon as the system recovers.",5,5,5,"""no comment""","Minimal discomfort, slight inconvenience, no significant impact on daily activities",ComfortLevels,3,Defining comfort levels helps in balancing reliability with user experience.
How should the SHS's MTBF of at least 1000 hours be verified and validated?,"The SHS’s MTBF should be verified and validated through a combination of accelerated life testing, system simulations, and long-term field data analysis. Reliability metrics should be continuously monitored during deployment, and test results should be documented to demonstrate compliance with the minimum MTBF requirement of 1000 hours.",5,5,5,"""no comment""","Accelerated life testing, field data analysis, simulation",MTBFVerification,4,Verifying MTBF ensures the SHS meets the required reliability standards.
What specific types of sensors are used to collect data from the bed?,"The SHS collects data from the bed using sensors such as pressure sensors to detect body presence and posture, motion sensors to monitor movement during sleep, and temperature sensors to measure body or mattress temperature. These sensors provide indirect information about the user’s activity and physical condition.",5,5,5,"""no comment""","Pressure sensors, motion detectors",DataCollection,4,Understanding the specific sensors used helps in detailed requirements for data collection and processing.
How frequently does the SHS collect data from these sensors?,"The SHS collects sensor data at configurable intervals depending on the context. For continuous monitoring, data may be collected every 1 to 5 seconds, while for long-term analysis and trend detection, data can be aggregated and processed at longer intervals, such as every minute.",5,5,5,"""no comment""","Every 5 seconds, Every minute",DataCollection,3,The frequency of data collection impacts system performance and power consumption.
How does the SHS process and analyze the collected data to infer user activity and condition?,"The SHS processes the collected data using a combination of rule-based systems and data analysis or machine learning algorithms. Sensor data is filtered, aggregated, and correlated with contextual information to identify patterns, detect anomalies, and infer the user’s activity and condition in a reliable and interpretable manner.",5,5,5,"""no comment""","Machine learning algorithms, Rule-based systems",DataProcessing,5,This is a critical aspect of the SHS's functionality and requires detailed understanding.
What specific user activities and conditions can the SHS infer from the collected data?,"Based on the collected data, the SHS can infer user activities such as sleeping, restlessness, getting into or out of bed, and prolonged inactivity. It can also identify potential conditions such as poor sleep quality, abnormal body temperature, or situations requiring attention, such as a possible fall or health-related anomaly.",5,5,5,"""no comment""","Sleeping, Getting out of bed, Fever",DataProcessing,4,Understanding the inferable activities and conditions helps in defining the SHS's capabilities.
How does the SHS interact with other external physical elements besides the bed?,"The SHS interacts with other external physical elements indirectly through environmental sensors and connected devices, such as temperature sensors, lighting sensors, and air quality sensors. Using this information, the system can adapt services like heating, lighting, or ventilation to improve user comfort and safety, without directly controlling the physical elements themselves.",5,5,5,"""no comment""","Temperature control, Lighting adjustment",ExternalInteraction,3,Understanding this interaction helps in defining the SHS's integration with the smart home ecosystem.
What is the maximum acceptable reaction time for the SHS to respond to safety-critical changes in the user's environment?,The maximum acceptable reaction time for the SHS to respond to safety-critical changes in the user’s environment should be no more than 3 to 5 seconds. This ensures that potentially dangerous situations are detected and addressed quickly enough to protect the user’s safety.,4,4,4,"""no comment""","3 seconds, 5 seconds",ResponseTimeForSafetyCriticalChanges,5,"This question is highly pertinent as it directly asks for the specific timeframe for safety-critical changes, which is crucial for user safety."
What is the maximum acceptable reaction time for the SHS to respond to comfort-related changes in the user's environment?,"For comfort-related changes, the SHS should respond within a maximum timeframe of 1 to 5 minutes. This delay is acceptable for non-critical adjustments and allows the system to make smooth and non-intrusive adaptations without affecting the user’s well-being.",4,4,4,"""no comment""","3 minutes, 5 minutes",ResponseTimeForComfortRelatedChanges,4,"This question is very pertinent as it asks for the timeframe for comfort-related changes, which is important for maintaining user comfort and satisfaction."
What are the specific safety-critical changes in the user's environment that the SHS should react to within the given timeframe?,"Safety-critical changes include events such as smoke or gas detection, sudden abnormal temperature variations, prolonged inactivity indicating a possible fall or health issue, and unexpected changes in vital environmental conditions. The SHS should detect and respond to these situations immediately to ensure user safety.",4,4,4,"""no comment""","Smoke detection, sudden temperature drops",SafetyCriticalChangesDefinition,3,This question is pertinent as it helps clarify what specific changes the SHS should prioritize in terms of response time.
What are the specific comfort-related changes in the user's environment that the SHS should react to within the given timeframe?,"Comfort-related changes include lighting level variations, room temperature changes, noise level fluctuations, and air quality variations. The SHS should adapt these parameters within the defined timeframe to maintain a comfortable and personalized living environment.",4,4,4,"""no comment""","Lighting adjustments, temperature changes",ComfortRelatedChangesDefinition,3,This question is pertinent as it helps clarify what specific changes the SHS should address for user comfort.
What are the primary user groups for the SHS?,"The primary user groups for the SHS include elderly users, adults living independently, users with temporary or permanent disabilities, and caregivers or healthcare professionals who monitor or assist users remotely. The system should be designed to accommodate varying levels of technical familiarity and physical or cognitive abilities.",5,5,5,"""no comment""","Elderly, young adults, children, users with disabilities",UserGroups,5,Understanding the primary user groups is crucial for designing an accessible and user-friendly interface.
Which interaction modes should the SHS support?,"The SHS should support multiple interaction modes, including a mobile application, voice commands, touch-based interfaces, and fully automated operation. These modes allow users to interact with the system according to their preferences, abilities, and context of use.",5,5,5,"""no comment""","Mobile application, voice commands, remote control, automated operation",InteractionModes,4,Knowing the supported interaction modes helps in designing a system that caters to diverse user preferences and abilities.
What customization options should the SHS provide?,"The SHS should provide customization options such as language selection, interface theme and font size adjustments, accessibility features (e.g., high contrast mode, voice assistance), and personalized automation routines based on user habits and preferences. These options enable users to tailor the system to their individual needs.",5,5,5,"""no comment""","Language settings, theme customization, accessibility features, automation routines",CustomizationOptions,4,Understanding the required customization options ensures the SHS can be tailored to individual user needs.
How should the SHS provide clear feedback to users?,"The SHS should provide clear and immediate feedback through visual indicators (icons, status messages), auditory signals (voice prompts or alerts), and notifications via connected devices. Feedback should be consistent, understandable, and adapted to the user’s abilities to ensure confidence and ease of use.",5,5,5,"""no comment""","Visual cues, auditory feedback, haptic feedback, notifications",FeedbackMechanisms,3,Clear feedback mechanisms help users understand the system's status and respond appropriately.
To what extent should the SHS automate tasks without user intervention?,"The SHS should operate in a partially automated mode, where routine and non-critical tasks are handled automatically, while important or safety-related actions require user confirmation or notification. This balance minimizes user effort while maintaining user awareness and control over the system.",5,5,5,"""no comment""","Fully automated, partially automated with user confirmation, manual operation with reminders",AutomationLevel,3,Determining the automation level helps in balancing user control and convenience.
What specific sensors and contextual data sources does the SHS use to collect data?,"The SHS collects data using a combination of sensors and contextual data sources, including pressure sensors to detect presence and posture on the bed, motion sensors to monitor movement, temperature sensors to measure body or ambient temperature, and presence sensors to identify user location. Additional contextual data may include time of day, user profiles, and information from connected medical or wellness devices within the Medical Information System.",5,5,5,"""no comment""","Pressure sensors, motion detectors, temperature sensors, presence sensors, etc.",DataSources,5,Understanding the data sources is crucial for determining the SHS's capabilities and limitations.
How does the SHS analyze the collected data to infer the user’s activity and condition?,"The SHS analyzes the collected data using a combination of rule-based systems and data analysis or machine learning techniques. Sensor data is filtered and aggregated, then correlated with contextual information to recognize patterns, detect anomalies, and infer the user’s activity and physical condition in a reliable and interpretable manner.",5,5,5,"""no comment""","Machine learning algorithms, rule-based systems, etc.",DataAnalysis,4,The data analysis method affects the SHS's accuracy and reliability in inferring user activity and condition.
What actions does the SHS take based on the inferred user activity and condition?,"Based on the inferred user activity and condition, the SHS can trigger actions such as adjusting environmental settings (lighting, heating, or ventilation), sending notifications or alerts to the user or caregivers in case of abnormal situations, and logging relevant data in the Medical Information System for monitoring and follow-up. These actions aim to improve user comfort, safety, and overall well-being without directly controlling physical furniture elements.",5,5,5,"""no comment""","Adjusting room temperature, turning on/off lights, alerting caregivers, etc.",SystemResponses,4,The SHS's responses determine its practical use and value.
How frequently does the SHS collect data from these sensors?,"The SHS collects sensor data at configurable intervals depending on the context. For continuous monitoring, data may be collected every 1 to 5 seconds, while for long-term analysis and trend detection, data can be aggregated and processed at longer intervals, such as every minute.",5,5,5,"""no comment""","Every 5 seconds, Every minute",DataCollection,3,The frequency of data collection impacts system performance and power consumption.
How does the SHS interact with other external physical elements besides the bed?,"The SHS interacts with other external physical elements indirectly through environmental sensors and connected devices, such as temperature sensors, lighting sensors, and air quality sensors. Using this information, the system can adapt services like heating, lighting, or ventilation to improve user comfort and safety, without directly controlling the physical elements themselves.",5,5,5,"""no comment""","Temperature control, Lighting adjustment",ExternalInteraction,3,Understanding this interaction helps in defining the SHS's integration with the smart home ecosystem.
